bhide wife,0,5
bhide,0,5
bhide wife,0,5
bhide,0,5
bhide,0,5
bhide wife,0,5
bhide,0,5
bhide,0,5
bhide,0,5
bhide,0,6
bhide,0,6
bhide,0,6
bhide,0,6
jethalal,0,6
bhide,0,6
bhide,0,6
haati wife,0,6
bhide,0,6
abdul,0,6
bhide,0,6
bhide,0,6
haati,0,6
haati,0,6
abdul,0,6
haati,0,7
abdul,0,7
haati,0,7
bhide,0,7
abdul,0,7
bhide,0,7
bhide wife,0,7
bhide wife,0,7
sodi,0,7
bhide wife,0,7
bhide wife,0,7
sodi,0,7
bhide wife,0,7
bhide wife,0,7
sodi,0,7
bhide wife,0,8
bhide wife,0,8
sodi,0,8
tappu,0,8
bhide wife,0,8
sodi,0,8
sodi,0,8
sodi,0,8
tappu,0,8
abdul,0,8
tappu,0,8
sodi,0,8
jethalal,0,8
babita,0,8
bhide wife,0,9
haati wife,0,9
bhide,0,9
jethalal,0,9
bhide,0,9
bhide,0,9
bhide,0,9
bhide,0,9
abdul,0,9
bhide,0,9
bhide,0,9
bhide,0,9
bhide,0,9
abdul,0,9
bhide,0,10
bhide,0,10
abdul,0,10
bhide,0,10
bhide,0,10
abdul,0,10
bhide,0,10
bhide,0,10
bhide wife,0,10
abdul,0,10
bhide,0,10
bhide,0,10
bhide,0,10
jethalal,0,10
bhide,0,10
bhide,0,11
bhide,0,11
ayar,0,11
jethalal,0,11
bhide wife,0,11
jethalal,0,11
bhide wife,0,11
jethalal,0,11
bhide wife,0,11
sodi,0,11
bhide wife,0,11
jethalal,0,11
sodi,0,11
jethalal,0,12
bhide wife,0,12
jethalal,0,12
bhide wife,0,12
sodi,0,12
popatlal,0,12
haati wife,0,12
bhide wife,0,12
haati wife,0,12
sodi,0,12
jethalal,0,12
bhide,0,12
bhide wife,0,13
bhide,0,13
sodi,0,13
jethalal,0,13
bhide wife,0,13
sodi,0,13
bhide wife,0,13
haati,0,13
sodi,0,13
haati,0,13
haati,0,13
jethalal,0,13
babita friend,0,13
sodi,0,13
haati,0,13
haati,0,13
abdul,0,13
sodi,0,14
haati,0,14
haati,0,14
bhide wife,0,14
bhide,0,14
sodi,0,14
haati,0,14
champak lal,0,14
bhide,0,14
abdul,0,14
sodi,0,14
popatlal,0,14
sodi,0,14
bhide,0,14
sodi wife,0,14
bhide wife,0,14
sodi,0,14
tarak,0,14
haati,0,14
haati,0,14
haati,0,14
sodi,0,14
haati,0,14
bhide,0,14
haati,0,15
sodi,0,15
haati,0,15
bhide,0,15
sodi,0,15
haati,0,15
haati,0,15
haati,0,15
bhide,0,15
sodi,0,15
haati,0,15
sodi wife,0,15
bhide wife,0,15
popatlal,0,15
abdul,0,16
babita,0,16
bhide wife,0,5
bhide,0,5
bhide wife,0,5
bhide,0,5
bhide,0,5
bhide wife,0,5
bhide,0,5
bhide,0,5
bhide,0,5
bhide,0,6
bhide,0,6
bhide,0,6
bhide,0,6
jethalal,0,6
bhide,0,6
bhide,0,6
haati wife,0,6
bhide,0,6
abdul,0,6
bhide,0,6
bhide,0,6
haati,0,6
haati,0,6
abdul,0,6
haati,0,7
abdul,0,7
haati,0,7
bhide,0,7
abdul,0,7
bhide,0,7
bhide wife,0,7
bhide wife,0,7
sodi,0,7
bhide wife,0,7
bhide wife,0,7
sodi,0,7
bhide wife,0,7
bhide wife,0,7
sodi,0,7
bhide wife,0,8
bhide wife,0,8
sodi,0,8
tappu,0,8
bhide wife,0,8
sodi,0,8
sodi,0,8
sodi,0,8
tappu,0,8
abdul,0,8
tappu,0,8
sodi,0,8
jethalal,0,8
babita,0,8
bhide wife,0,9
haati wife,0,9
bhide,0,9
jethalal,0,9
bhide,0,9
bhide,0,9
bhide,0,9
bhide,0,9
abdul,0,9
bhide,0,9
bhide,0,9
bhide,0,9
bhide,0,9
abdul,0,9
bhide,0,10
bhide,0,10
abdul,0,10
bhide,0,10
bhide,0,10
abdul,0,10
bhide,0,10
bhide,0,10
bhide wife,0,10
abdul,0,10
bhide,0,10
bhide,0,10
bhide wife,0,5
bhide,0,5
bhide wife,0,5
bhide,0,5
bhide,0,5
bhide wife,0,5
bhide,0,5
bhide,0,5
bhide,0,5
bhide,0,6
bhide,0,6
bhide,0,6
bhide,0,6
jethalal,0,6
bhide,0,6
bhide,0,6
haati wife,0,6
bhide,0,6
abdul,0,6
bhide,0,6
bhide,0,6
haati,0,6
haati,0,6
abdul,0,6
haati,0,7
abdul,0,7
haati,0,7
bhide,0,7
abdul,0,7
bhide,0,7
bhide wife,0,7
bhide wife,0,7
sodi,0,7
bhide wife,0,7
bhide wife,0,7
sodi,0,7
bhide wife,0,7
bhide wife,0,7
sodi,0,7
bhide wife,0,8
bhide wife,0,8
sodi,0,8
tappu,0,8
bhide wife,0,8
sodi,0,8
sodi,0,8
sodi,0,8
tappu,0,8
abdul,0,8
tappu,0,8
sodi,0,8
