haati,0,5
bhide,0,5
haati,0,5
haati,0,5
bhide,0,5
haati,0,5
bhide,0,5
haati,0,5
popatlal,0,5
haati,0,6
bhide,0,6
popatlal,0,6
haati,0,6
babita,0,6
bhide,0,6
haati,0,6
champak lal,0,6
bhide,0,6
champak lal,0,6
haati,0,6
bhide,0,6
haati,0,6
bhide,0,6
champak lal,0,6
haati,0,7
babita,0,7
bhide,0,7
haati,0,7
champak lal,0,7
bhide,0,7
bhide wife,0,7
abdul,0,7
popatlal,0,7
bhide wife,0,7
champak lal,0,7
popatlal,0,7
abdul,0,7
popatlal,0,7
babita friend,0,7
champak lal,0,8
popatlal,0,8
popatlal,0,8
abdul,0,8
champak lal,0,8
jethalal,0,8
sodi wife,0,8
popatlal,0,8
champak lal,0,8
champak lal,0,8
champak lal,0,8
haati,0,8
sodi wife,0,8
champak lal,0,8
popatlal,0,9
champak lal,0,9
haati,0,9
babita friend,0,9
bhide,0,9
popatlal,0,9
haati,0,9
bhide,0,9
abdul,0,9
haati,0,9
bhide,0,9
haati,0,9
bhide,0,9
abdul,0,9
haati,0,10
ayar,0,10
bhide,0,10
haati,0,10
bhide,0,10
bhide,0,10
haati,0,10
bhide,0,10
bhide,0,10
abdul,0,10
haati,0,10
haati,0,10
haati,0,10
haati,0,10
haati,0,10
abdul,0,11
haati,0,11
haati,0,11
babita,0,11
champak lal,0,11
popatlal,0,11
champak lal,0,11
bhide wife,0,11
champak lal,0,11
popatlal,0,11
champak lal,0,11
champak lal,0,11
popatlal,0,11
haati,0,12
champak lal,0,12
babita,0,12
champak lal,0,12
sodi,0,12
popatlal,0,12
champak lal,0,12
babita,0,12
champak lal,0,12
champak lal,0,12
champak lal,0,12
babita,0,12
champak lal,0,13
tarak wife,0,13
popatlal,0,13
champak lal,0,13
tarak wife,0,13
sodi,0,13
champak lal,0,13
babita,0,13
babita friend,0,13
ayar,0,13
bhide,0,13
bhide,0,13
haati,0,13
